"wind_turbine_id","matrix_data"
"3","-0.04084906,0.03382733,15.340811,-0.151604,0.12554012,56.93699,-0.0029702177,0.0024595733,1.115508"
